335.00,,
212.00,,
 261,,
 160,,
 181,,
 188,,
 31,,
 56,,
" 1,521",,
" 1,521",,
" 2,067",,
" 2,036",,
" 2,256",,
" 2,254",,
 454,,
 545,,
 268,,
 24,,
 24,,
 26,,
 27,,
 44,,
 54,,
 69,,
 63,,
 117,,
 117,,
 117,,
 136,,
 81,,
 81,,
 81,,
 782,,
 782,,
 246,,
 190,,
 24,,
 24,,
 26,,
 27,,
 44,,
 54,,
 63,,
 27,,
 26,,
 117,,
 136,,
 81,,
 81,,
 81,,
" 4,659",,
" 6,739",,
" 2,291",,
" 4,659",,
" 6,723",,
" 2,291",,
 24,,
 24,,
 26,,
 27,,
 44,,
 54,,
 436,,
 117,,
 111,,
 117,,
 117,,
 136,,
 77,,
 190,,
 268,,
 702,,
 702,,
 678,,
 978,,
 680,,
 978,,
 717,,
 724,,
 845,,
 850,,
 272,,
 272,,
 807,,
 807,,
 104,,
 21,,
 640,,
 640,,
 91,,
 33,,
 29,,
 32,,
 21,,
 640,,
 640,,
 91,,
 33,,
 29,,
 32,,
 21,,
 976,,
 976,,
 96,,
 67,,
 723,,
 723,,
 85,,
 85,,
 33,,
 29,,
 21,,
 309,,
 309,,
 314,,
 314,,
 85,,
 87,,
 33,,
 25,,
 26,,
 21,,
 85,,
 87,,
 33,,
 28,,
 29,,
 21,,
 365,,
 365,,
 85,,
 87,,
 33,,
 28,,
 21,,
 29,,
 323,,
 323,,
 365,,
 365,,
 85,,
 87,,
 33,,
 25,,
 26,,
 21,,
 85,,
 87,,
 33,,
 28,,
 29,,
 21,,
" 4,715",,
" 3,341",,
 852,,
 596,,
 19,,
" 1,686",,
" 1,742",,
" 1,539",,
" 1,628",,
" 4,499",,
" 4,499",,
" 4,454",,
" 4,647",,
" 3,944",,
" 4,115",,
" 4,115",,
" 4,115",,
" 4,516",,
" 4,290",,
" 4,516",,
" 4,516",,
" 5,195",,
" 5,195",,
" 5,195",,
" 5,195",,
" 6,738",,
" 6,738",,
" 6,738",,
" 6,738",,
" 8,015",,
" 8,589",,
" 8,015",,
" 8,015",,
" 1,534",,
" 1,587",,
" 2,189",,
" 1,147",,
" 1,232",,
 86,,
" 1,002",,
" 1,752",,
" 1,679",,
 86,,
" 5,562",,
" 7,416",,
" 10,170",,
" 1,170",,
 46,,
 108,,
" 2,328",,
" 8,464",,
" 11,419",,
 327,,
 330,,
 539,,
 539,,
 783,,
 851,,
 9,,
 10,,
 11,,
" 1,696",,
" 2,122",,
" 1,974",,
" 2,912",,
" 3,346",,
 657,,
 710,,
 451,,
 339,,
 888,,
 888,,
 888,,
 689,,
" 1,008",,
 152,,
 39,,
 99,,
 67,,
 221,,
 59,,
 44,,
 266,,
 183,,
 183,,
 266,,
 183,,
 183,,
 583,,
 680,,
 603,,
 610,,
 30,,
 21,,
 29,,
 76,,
 151,,
 7,,
 11,,
" 2,895",,
 254,,
 410,,
 233,,
 233,,
 883,,
 498,,
 198,,
 208,,
 577,,
 826,,
 405,,
 344,,
 419,,
 957,,
 601,,
 500,,
 287,,
 363,,
 470,,
 254,,
 323,,
 273,,
 570,,
" 1,185",,
 270,,
 301,,
" 1,151",,
" 17,865",,
 146,,
 153,,
 146,,
 153,,
 153,,
 183,,
 140,,
 777,,
 238,,
 961,,
 86,,
" 4,147",,
" 4,034",,
" 4,034",,
" 4,466",,
" 5,950",,
" 5,950",,
" 5,950",,
" 5,950",,
" 6,837",,
" 6,837",,
" 6,837",,
" 6,837",,
" 8,856",,
" 8,265",,
" 8,265",,
"8,265.00",,
" 4,540",,
" 4,540",,
" 4,540",,
" 4,540",,
" 5,222",,
" 6,697",,
" 6,523",,
" 6,523",,
" 6,803",,
" 8,385",,
" 8,366",,
" 8,168",,
" 8,677",,
" 8,677",,
" 8,677",,
" 8,677",,
" 10,894",,
" 8,439",,
" 10,894",,
" 8,780",,
" 4,093",,
" 4,093",,
" 4,093",,
" 4,093",,
" 4,445",,
" 4,445",,
" 4,445",,
" 4,445",,
" 4,929",,
" 4,929",,
" 4,929",,
" 4,929",,
" 5,690",,
" 5,690",,
" 5,690",,
" 5,690",,
" 6,511",,
" 6,511",,
" 6,270",,
" 6,270",,
" 7,252",,
" 7,396",,
" 7,396",,
" 7,396",,
" 9,413",,
" 9,413",,
" 9,413",,
" 9,413",,
 108,,
 151,,
 106,,
 137,,
 89,,
 658,,
" 2,099",,
" 2,543",,
" 2,951",,
" 3,388",,
" 2,700",,
 162,,
 509,,
 539,,
 639,,
 742,,
 925,,
 804,,
 804,,
 921,,
" 1,494",,
" 1,439",,
" 1,494",,
 553,,
 404,,
 686,,
 751,,
 882,,
" 1,017",,
" 1,305",,
" 1,507",,
 346,,
 88,,
 347,,
 132,,
" 1,359",,
 554,,
 243,,
 670,,
 544,,
 261,,
" 4,192",,
" 4,264",,
" 4,264",,
" 4,264",,
" 5,270",,
" 5,270",,
" 5,270",,
" 5,950",,
" 5,950",,
" 5,949",,
" 5,949",,
" 6,390",,
" 6,390",,
" 6,390",,
" 6,390",,
" 7,719",,
" 7,719",,
" 7,719",,
" 7,719",,
" 5,551",,
" 5,551",,
" 6,657",,
" 5,551",,
" 6,374",,
" 6,374",,
" 6,139",,
" 6,374",,
 108,,
 151,,
 106,,
 137,,
 89,,
 658,,
" 2,582",,
" 2,543",,
" 2,951",,
" 3,388",,
 162,,
 509,,
 539,,
 322,,
 162,,
 425,,
 418,,
 434,,
 391,,
 162,,
 553,,
 404,,
 686,,
 751,,
" 1,017",,
" 1,507",,
" 1,969",,
 88,,
 419,,
 290,,
 347,,
" 1,359",,
 554,,
 243,,
 670,,
 30,,
 442,,
" 1,013",,
" 1,156",,
 86,,
" 2,179",,
" 1,530",,
 269,,
 227,,
 227,,
 227,,
 227,,
 318,,
 318,,
 329,,
 318,,
 318,,
 318,,
 318,,
 200,,
 221,,
 200,,
 221,,
 23,,
 41,,
 73,,
 73,,
 73,,
" 2,036",,
" 2,036",,
 25,,
 25,,
 25,,
 25,,
 25,,
 25,,
 25,,
 111,,
 111,,
 34,,
" 2,436",,
" 2,340",,
 666,,
 666,,
 666,,
" 5,997",,
" 5,902",,
6400,,
 174,,
 173,,
 27,,
 30,,
 17,,
 20,,
 12,,
 272,,
 272,,
" 1,318",,
" 1,318",,
 427,,
 436,,
 255,,
 255,,
 330,,
 199,,
 24,,
 24,,
 26,,
 27,,
 44,,
 54,,
 63,,
 117,,
 117,,
 117,,
 136,,
 81,,
 81,,
 81,,
" 5,712",,
" 5,617",,
 174,,
 173,,
" 16,006",,
" 14,239",,
" 16,408",,
" 16,974",,
" 17,634",,
" 2,340",,
 666,,
 666,,
 666,,
" 2,436",,
" 2,036",,
" 2,036",,
 25,,
 25,,
 25,,
 25,,
 25,,
 25,,
 25,,
 111,,
 111,,
 34,,
 200,,
 221,,
 200,,
 221,,
 23,,
 41,,
 73,,
 73,,
 73,,
" 2,179",,
" 1,530",,
" 2,179",,
" 1,530",,
 269,,
 227,,
 227,,
 227,,
 227,,
 318,,
 318,,
 329,,
 318,,
 318,,
 318,,
 318,,
" 1,814",,
" 1,814",,
" 1,234",,
" 1,234",,
 67,,
" 3,703",,
" 3,703",,
" 4,331",,
" 4,331",,
" 3,910",,
" 3,910",,
" 4,528",,
" 4,331",,
" 2,615",,
" 5,683",,
" 5,683",,
" 4,441",,
" 4,441",,
" 1,818",,
" 1,951",,
" 1,611",,
" 1,592",,
" 1,382",,
" 1,304",,
" 1,261",,
" 1,264",,
" 1,353",,
" 1,214",,
" 1,163",,
" 1,523",,
" 1,163",,
" 2,189",,
 890,,
" 3,128",,
" 2,387",,
" 2,436",,
" 1,893",,
" 1,831",,
" 1,617",,
" 1,617",,
" 1,802",,
" 2,069",,
" 2,069",,
" 2,069",,
" 3,498",,
 984,,
" 1,225",,
" 1,470",,
 567,,
 30,,
 131,,
 87,,
 50,,
 27,,
 28,,
 29,,
 27,,
 34,,
 37,,
 33,,
 48,,
 67,,
 84,,
 103,,
 289,,
 287,,
 285,,
 253,,
 285,,
 260,,
 290,,
 286,,
 295,,
 285,,
 289,,
 303,,
" 1,318",,
" 1,318",,
 427,,
 436,,
 255,,
 255,,
 330,,
 24,,
 24,,
 26,,
 27,,
 44,,
 54,,
 63,,
 117,,
 117,,
 117,,
 136,,
 81,,
 81,,
 81,,
 199,,
 782,,
 864,,
 145,,
 76,,
 69,,
 753,,
 435,,
 588,,
 529,,
 425,,
 425,,
 35,,
 50,,
 6,,
 6,,
 316,,
 104,,
" 3,112",,
 94,,
 133,,
 726,,
" 2,418",,
" 3,200",,
 94,,
 133,,
 726,,
" 4,824",,
" 5,348",,
 113,,
" 1,399 ",,
" 1,595 ",,
" 1,964 ",,
 370,,
 439,,
 59 ,,
 140,,
 40 ,,
 212 ,,
 261 ,,
 198,,
 435,,
 588,,
 529,,
 782,,
 864,,
 145,,
 76,,
 69,,
 753,,
 935,,
" 4,824",,
" 5,348",,
 113,,
" 3,112",,
 94,,
 133,,
 726,,
" 2,418",,
" 3,200",,
 94,,
 133,,
726.00,,
 425,,
 425,,
 316,,
 104,,
 35,,
 50,,
 6,,
 6,,
" 1,120",,
 335 ,,
 110 ,,
 212 ,,
 261 ,,
 160,,
 181,,
 188,,
 31,,
 56,,
" 5,997",,
" 5,902",,
 174,,
 17,,
" 5,712",,
" 5,617",,
 174,,
 173,,
" 16,006",,
" 14,239",,
" 16,408",,
" 16,974",,
" 17,634",,
" 6,152",,
" 6,465",,
 37,,
 47,,
 207,,
 40,,
 14,,
 40,,
 28,,
 31,,
" 1,231",,
" 1,518",,
" 1,954",,
" 1,954",,
 76,,
 384,,
 384,,
 594,,
 594,,
 3,,
 315,,
 315,,
 158,,
 146,,
 146,,
 146,,
 149,,
 149,,
 149,,
 149,,
 179,,
 179,,
 179,,
 179,,
 181,,
 181,,
 181,,
 181,,
 144,,
 144,,
 144,,
 144,,
 163,,
 163,,
 163,,
 163,,
 160,,
 160,,
 160,,
 160,,
 179,,
 179,,
 179,,
 179,,
 194,,
 194,,
 194,,
 194,,
 197,,
 213,,
 213,,
 213,,
 264,,
 292,,
 264,,
 292,,
 832,,
 503,,
 542,,
 697,,
 644,,
" 3,328",,
" 2,610",,
" 2,746",,
" 2,940",,
 576,,
 45,,
 49,,
 94,,
" 16,198",,
" 17,816",,
" 18,656",,
" 20,521",,
 714,,
 74,,
 94,,
" 13,060",,
" 10,971",,
" 14,167",,
 206,,
 300,,
 312,,
" 1,892",,
 445,,
 505,,
" 6,639",,
" 3,135",,
" 3,196",,
" 5,324",,
" 7,897",,
 206,,
 300,,
 312,,
" 1,892",,
 445,,
" 31,835",,
" 24,657",,
" 20,509",,
 865,,
 913,,
 977,,
" 1,040",,
 679,,
 709,,
 748,,
 608,,
 624,,
 647,,
 671,,
 865,,
 913,,
 977,,
" 1,040",,
 119,,
 135,,
 150,,
 166,,
 241,,
 241,,
 359,,
 694,,
 725,,
 764,,
 796,,
 42,,
 46,,
 42,,
 46,,
 45,,
 49,,
 45,,
 49,,
 48,,
 57,,
 69,,
 82,,
 141,,
 185,,
 204,,
 247,,
 174,,
 359,,
 135,,
 150,,
 166,,
 241,,
 241,,
 359,,
 174,,
 359,,
 141,,
 185,,
 204,,
 247,,
 354,,
 448,,
 464,,
 521,,
 368,,
 457,,
 509,,
 558,,
 272,,
 284,,
 284,,
 291,,
 348,,
 348,,
 348,,
 250,,
 250,,
 250,,
 271,,
 271,,
 271,,
 263,,
 263,,
 263,,
 283,,
 283,,
 283,,
 330,,
 330,,
 330,,
 388,,
 388,,
 388,,
 290,,
 290,,
 290,,
 310,,
 310,,
 310,,
 302,,
 302,,
 302,,
 323,,
 323,,
 323,,
 228,,
 267,,
 242,,
 242,,
 228,,
 228,,
 227,,
 391,,
 239,,
 239,,
 206,,
 274,,
 201,,
 206,,
 227,,
 317,,
 227,,
 227,,
 232,,
 339,,
 232,,
 232,,
 252,,
 302,,
 252,,
 252,,
 263,,
 263,,
 270,,
 270,,
 299,,
 256,,
 300,,
 186,,
 199,,
 206,,
 206,,
 243,,
 243,,
 180,,
 182,,
 298,,
 299,,
" 4,950 ",,
" 5,310 ",,
" 3,698 ",,
" 2,175 ",,
" 2,175 ",,
" 2,857 ",,
" 5,724 ",,
" 3,126 ",,
" 2,199 ",,
" 6,544 ",,
" 11,416",,
" 12,809",,
" 14,678",,
" 16,147",,
 714,,
 74,,
 94,,
" 3,575",,
" 3,992",,
 119,,
 139,,
" 14,831",,
" 7,223",,
" 8,227",,
" 13,150",,
" 5,825",,
" 7,362",,
" 11,156",,
" 12,200",,
" 10,759",,
" 11,839",,
" 12,329",,
" 12,170",,
" 6,036",,
" 5,532",,
" 1,536",,
" 1,077",,
 273,,
 206,,
 300,,
 312,,
" 1,746",,
" 1,892",,
 445,,
 319,,
" 1,402",,
" 1,331",,
" 1,830",,
" 1,730",,
 347,,
 380,,
" 1,586",,
" 4,323",,
" 4,323",,
" 5,773",,
" 6,598",,
 609,,
 472,,
 859,,
" 10,020",,
" 11,714",,
 714,,
 74,,
" 2,998",,
" 2,998",,
 262,,
" 8,447",,
" 10,356",,
" 6,650",,
" 8,447",,
" 10,356",,
" 6,650",,
" 5,478",,
" 5,478",,
" 6,053",,
" 6,195",,
" 7,079",,
" 7,079",,
" 7,079",,
" 7,659",,
" 7,659",,
" 9,161",,
" 7,804",,
" 8,588",,
" 6,135",,
" 6,135",,
" 6,911",,
" 6,850",,
" 8,003",,
" 8,141",,
" 8,003",,
" 8,579",,
" 8,579",,
" 10,085",,
" 8,723",,
" 9,510",,
" 6,788",,
" 6,788",,
" 7,362",,
" 7,509",,
" 8,925",,
" 8,925",,
" 8,925",,
" 9,503",,
" 9,503",,
" 11,006",,
" 9,646",,
" 10,433",,
" 9,435",,
" 9,435",,
" 10,013",,
" 10,160",,
 127,,
 138,,
 174,,
 189,,
 145,,
 109,,
 119,,
 123,,
 142,,
 48,,
 858,,
" 1,036",,
 952,,
" 1,116",,
" 1,485",,
" 1,485",,
" 1,660",,
" 1,660",,
" 1,253",,
" 1,401",,
" 1,960",,
" 2,152",,
 858,,
"1,036.00",,
 315,,
 290,,
 370,,
 290,,
 369,,
 290,,
 290,,
 290,,
 290,,
 98,,
 858,,
" 1,036",,
 952,,
" 1,116",,
" 1,485",,
" 1,485",,
" 1,660",,
" 1,660",,
" 1,253",,
" 1,401",,
" 1,960",,
" 2,152",,
" 1,253",,
" 1,401",,
 127,,
 138,,
 174,,
 189,,
 145,,
 109,,
 119,,
 123,,
 142,,
 48,,
 858,,
" 1,036",,
 952,,
" 1,116",,
" 1,485",,
" 1,485",,
" 1,660",,
" 1,660",,
" 1,253",,
" 1,401",,
" 1,960",,
" 2,152",,
" 1,485",,
" 1,485",,
" 1,660",,
" 1,660",,
 127,,
 138,,
 174,,
 189,,
 145,,
 109,,
 119,,
 123,,
 142,,
 48,,
 858,,
" 1,036",,
 952,,
" 1,116",,
" 1,485",,
" 1,485",,
" 1,660",,
" 1,660",,
" 1,253",,
" 1,401",,
" 1,960",,
" 2,152",,
 952,,
" 1,116",,
 127,,
 138,,
 174,,
 189,,
 145,,
 109,,
 119,,
 123,,
 142,,
 48,,
 858,,
" 1,036",,
 952,,
" 1,116",,
" 1,485",,
" 1,485",,
" 1,660",,
" 1,660",,
" 1,253",,
" 1,401",,
" 1,960",,
" 2,152",,
" 1,960",,
" 2,152",,
 236,,
 236,,
 322,,
 322,,
 147,,
 147,,
 147,,
 18,,
 147,,
 147,,
 147,,
 147,,
 147,,
 147,,
 147,,
 298,,
 298,,
 330,,
 330,,
 399,,
 400,,
 68,,
 68,,
 63,,
 63,,
 70,,
 85,,
 85,,
 68,,
 68,,
 75,,
 63,,
 89,,
 89,,
 122,,
 122,,
 146,,
 146,,
 295,,
 295,,
 165,,
 189,,
 27,,
 499,,
 512,,
 568,,
 581,,
 695,,
 695,,
 68,,
 68,,
 63,,
 63,,
 70,,
 85,,
 85,,
 68,,
 68,,
 75,,
 63,,
 89,,
 89,,
 122,,
 122,,
 146,,
 146,,
 295,,
 295,,
 165,,
 189,,
 27,,
 147,,
 147,,
 147,,
 18,,
 147,,
 147,,
 147,,
 147,,
 147,,
 147,,
 147,,
 68,,
 68,,
 63,,
 63,,
 70,,
 85,,
 85,,
 68,,
 68,,
 75,,
 63,,
 89,,
 89,,
 122,,
 122,,
 146,,
 146,,
 295,,
 295,,
 165,,
 189,,
 27,,
 40,,
 14,,
 40,,
 28,,
 31,,
 935,,
" 1,120",,
 335 ,,
 110 ,,
 212 ,,
 261 ,,
 160,,
 181,,
 188,,
 31,,
 56,,
" 1,399 ",,
" 1,595 ",,
" 1,964 ",,
 370,,
 439,,
 59 ,,
 140,,
 40 ,,
 212 ,,
 261 ,,
 198,,
 779,,
 643,,
 62,,
" 4,799",,
" 7,410",,
" 7,939",,
" 8,473",,
" 8,997",,
" 11,114",,
" 1,158",,
" 7,725",,
" 10,815",,
" 10,815",,
" 1,158",,
 119,,
" 4,370",,
" 6,193",,
" 6,987",,
" 7,358",,
" 7,670",,
" 8,037",,
" 7,376",,
" 7,757",,
" 8,063",,
" 8,436",,
" 6,987",,
" 6,985",,
" 7,670",,
" 8,037",,
" 9,039",,
" 9,410",,
" 9,718",,
" 10,089",,
" 9,428",,
" 9,800",,
" 10,111",,
" 10,478",,
" 9,039",,
" 9,410",,
" 9,718",,
" 10,089",,
 69,,
 69,,
 172,,
 172,,
 56,,
 56,,
 135,,
 135,,
 89,,
 69,,
 69,,
 172,,
 172,,
 56,,
 56,,
 135,,
 135,,
 79,,
 79,,
 186,,
 186,,
 11,,
 11,,
" 10,715",,
" 12,114",,
" 13,045",,
" 13,977",,
" 15,099",,
" 10,715",,
" 12,114",,
" 13,045",,
" 13,977",,
" 15,099",,
" 5,287",,
" 6,767",,
" 7,720",,
" 7,820",,
" 8,090",,
" 10,112",,
" 10,871",,
" 12,726",,
" 5,287",,
" 6,767",,
" 7,720",,
" 7,820",,
" 8,090",,
" 10,112",,
" 10,871",,
" 12,726",,
 74,,
 74,,
 62,,
 72,,
 194,,
 240,,
" 2,125",,
" 2,125",,
 67,,
 63,,
" 5,172",,
" 5,872",,
" 6,149",,
" 6,804",,
" 21,009",,
" 32,595",,
 766,,
" 3,412",,
 50,,
 600,,
600.00,,
 117,,
 99,,
 99,,
 99,,
 99,,
 99,,
 183,,
 141,,
 84,,
 99,,
 99,,
 99,,
 99,,
 363,,
 454,,
 459,,
 650,,
 154,,
 117,,
 99,,
 99,,
 99,,
 99,,
 99,,
 183,,
 191,,
 141,,
 84,,
 99,,
 99,,
 99,,
 99,,
 199,,
 199,,
 35,,
 363,,
 454,,
 459,,
 650,,
 72,,
 67,,
 67,,
 67,,
 72,,
 81,,
 89,,
 89,,
 72,,
 308,,
 308,,
 72,,
 67,,
 72,,
 99,,
 972,,
 666,,
 666,,
 666,,
" 1,066",,
" 1,074",,
 314,,
 157,,
 272,,
 272,,
" 1,107",,
" 1,114",,
 147,,
 147,,
 147,,
 178,,
 241,,
 147,,
 147,,
 147,,
 147,,
 147,,
 147,,
 147,,
 496,,
 496,,
 645,,
 708,,
 763,,
 763,,
 906,,
 906,,
 67,,
 63,,
 63,,
 63,,
 145,,
 145,,
" 4,375",,
" 5,159",,
" 5,654",,
" 6,201",,
" 4,375",,
" 5,159",,
" 5,767",,
" 6,298",,
" 2,736",,
" 2,930",,
" 3,282",,
" 3,513",,
" 2,503",,
" 2,679",,
 170,,
 170,,
" 3,990",,
 668,,
 717,,
 877,,
 823,,
 121,,
" 3,987",,
 368,,
 457,,
 509,,
 558,,
 354,,
 448,,
 464,,
 521,,
 272,,
 865,,
 913,,
 977,,
" 1,040",,
 679,,
 709,,
 748,,
 608,,
 624,,
 647,,
 671,,
 865,,
 913,,
 977,,
" 1,040",,
 694,,
 725,,
 764,,
 796,,
 42,,
 46,,
 45,,
 49,,
 42,,
 46,,
 45,,
 49,,
 48,,
 57,,
 69,,
 82,,
 141,,
 185,,
 204,,
 247,,
 174,,
 359,,
 174,,
 359,,
 141,,
 185,,
 204,,
 247,,
 135,,
 150,,
 166,,
 241,,
 241,,
 359,,
 119,,
 135,,
 150,,
 166,,
 241,,
 241,,
 359,,
" 6,800",,
" 6,800",,
 37,,
 140,,
 129,,
 90,,
 90,,
 90,,
 129,,
 129,,
 129,,
 129,,
 129,,
 129,,
 640,,
 640,,
 37,,
 140,,
 129,,
 90,,
 90,,
 90,,
 129,,
 129,,
 129,,
 129,,
 129,,
 129,,
 853,,
 853,,
 450,,
 461,,
 259,,
 805,,
 343,,
" 2,430",,
" 2,468",,
" 2,732",,
" 2,767",,
 399,,
 264,,
 264,,
 264,,
 486,,
 527,,
 584,,
 887,,
 910,,
 966,,
 797,,
 89,,
 60,,
 138,,
 221,,
 408,,
 414,,
 580,,
 397,,
 988,,
 346,,
 313,,
" 1,517",,
" 1,617",,
" 1,517",,
" 1,347",,
" 1,292",,
 825,,
 908,,
 918,,
" 1,010",,
 982,,
" 1,080",,
" 1,384",,
" 1,523",,
" 1,848",,
" 2,034",,
" 2,219",,
" 2,505",,
" 9,954",,
" 2,572",,
" 2,633",,
" 2,572",,
" 2,581",,
" 4,334",,
 473,,
 473,,
 486,,
 473,,
" 1,440",,
 18,,
 42,,
 797,,
 89,,
" 2,726",,
" 3,220",,
" 3,088",,
"4,025.00",,
" 1,347",,
 797,,
 89,,
 399,,
 264,,
 264,,
 264,,
 486,,
 527,,
 584,,
 887 ,,
 910 ,,
 966 ,,
 486,,
 527,,
 584,,
 887 ,,
 910 ,,
 966 ,,
 408,,
 414,,
 580,,
 397,,
 988,,
 346,,
 313,,
" 1,516",,
" 1,292",,
" 1,517",,
" 1,617",,
" 3,987",,
 201,,
 199,,
 254,,
 410,,
 750,,
 753,,
" 1,061",,
" 1,060",,
 254,,
 270,,
" 1,662",,
 148,,
 148,,
 148,,
 66,,
 66,,
 66,,
 73,,
 66,,
 73,,
" 2,328",,
 162,,
 162,,
 162,,
 66,,
 66,,
 66,,
 73,,
 66,,
 73,,
" 6,987",,
" 7,358",,
" 7,670",,
" 8,037",,
" 7,376",,
" 7,757",,
" 8,063",,
" 8,436",,
" 6,987",,
" 6,985",,
" 7,670",,
" 8,037",,
" 9,039",,
" 9,410",,
" 9,718",,
" 10,089",,
" 9,428",,
" 9,800",,
" 10,111",,
" 10,478",,
" 9,039",,
" 9,410",,
" 9,718",,
" 10,089",,
 69,,
 69,,
 172,,
 172,,
 56,,
 56,,
 135,,
 135,,
 69,,
 69,,
 172,,
 172,,
 56,,
 56,,
 135,,
 135,,
 79,,
 79,,
 186,,
 186,,
 89,,
 11,,
 11,,
" 7,024",,
" 6,304",,
" 6,878",,
" 7,024",,
" 7,054",,
" 7,054",,
" 7,628",,
" 7,774",,
" 7,808",,
" 7,808",,
" 8,382",,
" 8,528",,
" 11,119",,
" 11,119",,
" 11,689",,
" 47,557",,
" 51,633",,
" 78,130",,
" 82,206",,
" 26,226",,
 100,,
" 5,770",,
" 7,343",,
" 90,019",,
" 115,496",,
" 148,771",,
" 9,002",,
" 11,550",,
" 14,878",,
" 35,640",,
" 36,854",,
" 62,592",,
" 6,209",,
 100,,
" 4,990",,
 204,,
 100,,
 999,,
 416,,
 416,,
 945,,
 836,,
 836,,
 394,,
 710,,
 394,,
 394,,
 524,,
 524,,
 524,,
 289,,
 598,,
 642,,
 675,,
 587,,
 632,,
 664,,
 553,,
 609,,
 642,,
 487,,
 541,,
 576,,
 420,,
 475,,
 509,,
 420,,
 475,,
 509,,
 420,,
 475,,
 509,,
 420,,
 475,,
 509,,
 420,,
 420,,
 420,,
 420,,
 420,,
 420,,
 420,,
 420,,
 553,,
 519,,
 465,,
 398,,
 398,,
 398,,
 398,,
 398,,
 398,,
 398,,
 398,,
 398,,
 398,,
 398,,
 398,,
 985,,
 985,,
 985,,
 431,,
 598,,
 277,,
" 1,029",,
 897,,
 497,,
 84,,
 84,,
 126,,
 17,,
 380,,
 163,,
 20,,
 11,,
 704,,
 510,,
 341,,
 337,,
 469,,
 441,,
 500,,
 480,,
 510,,
 180,,
 841,,
 526,,
 696,,
 273,,
 299,,
 100,,
 111,,
 904,,
 930,,
 237,,
 242,,
 237,,
 500,,
 263,,
 84,,
 89,,
 762,,
 789,,
 248,,
 252,,
 394,,
 420,,
 341,,
 369,,
 967,,
 993,,
 341,,
 252,,
 126,,
 258,,
 352,,
 379,,
 377,,
 289,,
 316,,
 106,,
 110,,
 379,,
 404,,
 131,,
 137,,
 999,,
" 1,025",,
 263,,
 268,,
 327,,
 352,,
 116,,
 121,,
 841,,
 868,,
 263,,
 268,,
 337,,
 362,,
 116,,
 121,,
 983,,
" 1,009",,
 258,,
 263,,
 289,,
 316,,
 100,,
 106,,
 831,,
 858,,
 263,,
 268,,
 480,,
 506,,
 160,,
 168,,
 500,,
 504,,
 526,,
 531,,
 473,,
" 2,023",,
" 2,050",,
 572,,
 600,,
 184,,
 189,,
 572,,
 600,,
 184,,
 189,,
 579,,
 604,,
 583,,
 610,,
 589,,
 593,,
 600,,
 626,,
 604,,
 610,,
 636,,
 469,,
 494,,
 158,,
 163,,
 993,,
" 1,020",,
 369,,
 394,,
 126,,
 131,,
 341,,
 369,,
 541,,
 137,,
 142,,
 252,,
 237,,
 348,,
 410,,
 410,,
 426,,
 431,,
 500,,
 500,,
 348,,
 410,,
 452,,
 431,,
 521,,
 271,,
 515,,
 244,,
 138,,
 138,,
 181,,
" 3,412",,
" 3,438",,
" 3,465",,
" 3,492",,
 677,,
 705,,
 731,,
 758,,
 82,,
 786,,
 645,,
 298,,
 42,,
 210,,
 58,,
 289,,
 53,,
 447,,
 89,,
 447,,
" 1,386",,
" 1,397",,
 287,,
 287,,
 287,,
 287,,
 287,,
 287,,
 298,,
 354,,
 354,,
 549,,
 549,,
 549,,
 549,,
 138,,
 138,,
 316,,
 316,,
 316,,
 969,,
 78,,
 521,,
 662,,
 647,,
 736,,
" 1,078",,
 184,,
 131,,
 26,,
 26,,
 26,,
 26,,
 488,,
 244,,
 33,,
 181,,
 85,,
 78,,
" 3,519",,
" 2,545",,
" 2,003",,
" 3,089",,
" 1,056",,
806.00,,
 639,,
 64,,
" 43,467",,
" 32,177",,
" 4,320",,
" 3,240",,
 420,,
" 1,178",,
 198,,
 294,,
 89,,
 100,,
 74,,
 294,,
 273,,
 294,,
 299,,
 158,,
 789,,
 158,,
 168,,
 483,,
 126,,
 184,,
 237,,
 194,,
 370,,
 100,,
 100,,
 100,,
 100,,
 100,,
 100,,
 70,,
 340,,
 425,,
 714,,
 340,,
 425,,
 714,,
 84,,
 99,,
 99,,
 99,,
 99,,
 99,,
 99,,
 99,,
 99,,
 343,,
 420,,
 548,,
 947,,
 267,,
 338,,
 423,,
 784,,
 459,,
 105,,
 286,,
 744,,
 137,,
 302,,
 70,,
 70,,
 71,,
 211,,
 24,,
 31,,
 24,,
 20,,
 53,,
 25,,
 15,,
 251,,
 55,,
 100,,
 100,,
 145,,
 128,,
 154,,
 100,,
 129,,
 153,,
 112,,
 112,,
 112,,
 93,,
" 3,016",,
" 4,554",,
" 5,403",,
" 8,630",,
" 12,690",,
" 13,174",,
" 14,641",,
" 16,091",,
" 19,032",,
" 1,450",,
" 2,050",,
" 2,747",,
 649,,
" 1,151",,
" 1,752",,
" 1,353",,
" 2,152",,
 849,,
" 1,850",,
" 2,249",,
" 4,202",,
" 1,752",,
" 3,752",,
" 1,327",,
" 1,327",,
 853,,
 853,,
 853,,
" 1,232",,
 853,,
 853,,
 853,,
" 4,159",,
" 5,357",,
" 5,907",,
" 6,807",,
" 6,332",,
" 7,189",,
" 9,802",,
" 10,877",,
" 10,460",,
" 11,770",,
" 15,236",,
" 16,828",,
" 7,492",,
" 8,112",,
" 10,549",,
" 11,237",,
" 11,693",,
" 12,189",,
" 16,188",,
" 17,790",,
" 7,421",,
" 3,203",,
" 2,427",,
" 7,535",,
" 3,313",,
" 3,203",,
" 6,606",,
" 1,441",,
 100,,
 377,,
 879,,
 37,,
 129,,
 232,,
 37,,
 116,,
 257,,
 88,,
 327,,
 753,,
 18,,
 126,,
 116,,
 18,,
 59,,
 116,,
 89,,
 357,,
 41,,
 151,,
 25,,
 27,,
 31,,
 27,,
 27,,
 216,,
 216,,
" 21,680",,
" 22,822",,
" 2,765",,
" 2,765",,
" 2,765",,
" 2,765",,
" 2,765",,
" 2,765",,
" 3,319",,
" 3,319",,
" 3,319",,
" 3,319",,
" 22,817",,
" 2,765",,
" 2,765",,
" 2,765",,
" 2,765",,
" 2,765",,
" 2,981",,
" 2,981",,
" 2,981",,
" 2,981",,
" 3,850",,
" 3,850",,
 415,,
" 4,250",,
" 4,250",,
" 10,715",,
" 12,114",,
" 13,045",,
" 13,977",,
" 15,099",,
" 10,715",,
" 12,114",,
" 13,045",,
" 13,977",,
" 15,09",,
 148,,
 159,,
 151,,
 159,,
 159,,
 157,,
 142,,
" 5,287",,
" 6,767",,
" 7,720",,
" 7,820",,
" 8,090",,
" 10,112",,
" 10,871",,
" 12,726",,
" 5,287",,
" 6,767",,
" 7,720",,
" 7,820",,
" 8,090",,
" 10,112",,
" 10,871",,
" 12,726",,
 74,,
 74,,
 62,,
 72,,
 194,,
 240,,
" 4,251",,
" 3,127",,
 379,,
 474,,
 97,,
" 2,826",,
" 2,022",,
" 1,723",,
 332,,
 332,,
 332,,
 332,,
 332,,
 562,,
" 2,426",,
 99,,
 848,,
 201,,
" 1,864",,
 95,,
 265,,
 182,,
" 1,564",,
 338,,
 273,,
 203,,
 413,,
 59,,
 142,,
 209,,
" 2,545",,
" 2,407",,
" 2,655",,
" 2,601",,
" 4,555",,
" 4,555",,
" 6,208",,
" 6,208",,
 233,,
 705,,
 724,,
 461,,
 580,,
 446,,
 617,,
 316,,
 410,,
 410,,
 476,,
 476,,
 476,,
 375,,
 480,,
 422,,
 551,,
 804,,
 720,,
 783,,
 739,,
 639,,
 640,,
 639,,
 639,,
 971,,
 971,,
 75,,
 103,,
 94,,
 94,,
 114,,
 79,,
 75,,
 98,,
 98,,
 104,,
 83,,
 37,,
 94,,
 118,,
 107,,
 83,,
 79,,
 123,,
 130,,
 90,,
 100,,
 131,,
 98,,
 96,,
 179,,
 101,,
 91,,
 96,,
 70,,
 92,,
 91,,
" 1,161",,
" 1,117",,
 210,,
 168,,
 168,,
 168,,
 379,,
" 1,880",,
" 1,958",,
" 1,010",,
 379,,
" 3,522",,
" 3,542",,
" 3,688",,
 316,,
 410,,
 410,,
 476,,
 476,,
 476,,
 324,,
" 2,849",,
" 3,411",,
" 3,213",,
" 3,772",,
" 4,341",,
" 4,901",,
" 4,705",,
" 5,264",,
" 5,238",,
" 5,531",,
" 5,651",,
" 5,729",,
 159,,
 832,,
 940,,
 140,,
 283,,
 860,,
 172,,
 525,,
 253,,
 253,,
 292,,
 350,,
 425,,
 422,,
 183,,
 425,,
 350,,
 246,,
 84,,
 33,,
 96,,
 74,,
" 8,452",,
" 9,116",,
" 9,212",,
" 9,877",,
 192,,
 159,,
 140,,
 530,,
 407,,
 115,,
 256,,
 183,,
 33,,
" 2,703",,
" 3,136",,
" 3,693",,
" 4,508",,
" 5,320",,
 595,,
 810,,
" 1,292",,
 919,,
" 1,510",,
" 1,914",,
" 2,481",,
 140,,
 253,,
 253,,
 860,,
 407,,
 115,,
 425,,
 350,,
 422,,
 33,,
 525,,
 246,,
 306,,
 306,,
 17,,
 17,,
" 4,921",,
" 5,128",,
" 7,189",,
" 7,189",,
 920,,
" 1,457",,
" 2,212",,
 100,,
 59,,
 34,,
" 8,027",,
" 8,027",,
 209,,
" 1,634",,
 507,,
" 2,100",,
" 2,100",,
" 3,523",,
" 4,218",,
" 3,865",,
" 4,755",,
" 4,612",,
" 5,554",,
" 3,865",,
" 4,627",,
" 1,335",,
" 1,593",,
" 2,023",,
" 2,748",,
 253,,
 248,,
 6,,
 147,,
 21,,
 275,,
 259,,
" 1,493",,
" 1,748",,
" 3,124",,
" 4,180",,
" 1,497",,
" 1,644",,
" 1,853",,
 253,,
 248,,
 6,,
 147,,
 21,,
 852,,
 900,,
" 1,077",,
" 1,274",,
 600,,
 622,,
 649,,
 121,,
 275,,
 303,,
 311,,
 275,,
 307,,
 441,,
 121,,
" 2,413",,
" 2,413",,
 207,,
 549,,
" 6,831",,
" 8,375",,
" 10,001",,
" 10,462",,
 132,,
 120,,
 241,,
 311,,
 110,,
 112,,
 258,,
 267,,
" 12,131",,
" 13,727",,
" 15,767",,
" 16,228",,
 132,,
 120,,
 241,,
 311,,
 110,,
 112,,
 258,,
 267,,
" 16,193",,
" 17,854",,
" 19,954",,
" 2,079",,
 132,,
 120,,
 241,,
 311,,
 110,,
 112,,
 258,,
 267,,
 911,,
 542,,
 548,,
 569,,
 779,,
 879,,
" 1,209",,
 207,,
 233,,
 77,,
 6,,
 806,,
 703,,
 233,,
 260,,
 75,,
 61,,
 35,,
 15,,
 35,,
 35,,
 41,,
 41,,
 36,,
" 21,144",,
 132,,
 120,,
 241,,
 311,,
 110,,
 112,,
 258,,
 267,,
" 28,937",,
 132,,
 120,,
 241,,
 311,,
 110,,
 112,,
 258,,
 267,,
" 44,647",,
 132,,
 120,,
 241,,
 311,,
 110,,
 112,,
 258,,
 267,,
 992,,
 33,,
 52,,
 207,,
" 1,112",,
 33,,
 53,,
 207,,
 835,,
" 1,125",,
 26,,
 45,,
 220,,
 835,,
" 1,402",,
 26,,
 58,,
 835,,
" 1,446",,
 35,,
 58,,
 59,,
 835,,
" 1,826",,
 101,,
 59,,
 835,,
 258,,
 267,,
" 3,232",,
 137,,
 194,,
 317,,
 916,,
 241,,
 311,,
" 3,676",,
 163,,
 229,,
 317,,
 916,,
 241,,
 311,,
" 4,137",,
" 6,445",,
 194,,
 293,,
 317,,
 916,,
 241,,
 311,,
 759,,
 24,,
 30,,
 888,,
 21,,
 27,,
 207,,
 816,,
 27,,
 30,,
 919,,
 23,,
 27,,
 207,,
 835,,
" 1,107",,
 23,,
 27,,
 163,,
 835,,
 957,,
 28,,
 43,,
 461,,
 172,,
 241,,
 91,,
 230,,
 230,,
 230,,
 230,,
 230,,
" 4,208",,
" 3,060",,
 210,,
 31,,
" 4,208",,
" 3,060",,
 236,,
 31,,
 37,,
 74,,
 281,,
 281,,
 125,,
 125,,
 426,,
 471,,
 594,,
 31,,
 438,,
 467,,
 461,,
 144,,
 62,,
 58,,
 24,,
 24,,
 26,,
 41,,
 41,,
" 1,096",,
 94,,
 210,,
" 33,516",,
" 28,021",,
" 17,650",,
" 21,789",,
 811,,
 811,,
 936,,
 398,,
 19,,
 31,,
 183,,
 183,,
 183,,
 192,,
 279,,
 94,,
 122,,
 85,,
 409,,
 644,,
" 1,472",,
" 1,716",,
 75,,
" 5,022",,
 936,,
 398,,
 94,,
 122,,
 85,,
" 1,345",,
" 1,568",,
" 1,792",,
" 1,344",,
" 1,108",,
 940,,
 805,,
" 1,379",,
" 1,233",,
" 1,054",,
 863,,
 730,,
 986,,
 932,,
 809,,
" 1,398",,
 68,,
 59,,
 805,,
 461,,
 409,,
 811,,
 19,,
 31,,
 122,,
 409,,
" 1,472",,
" 1,716",,
 75,,
 59,,
 87,,
 131,,
 65,,
 90,,
 131,,
 78,,
 131,,
 176,,
 63,,
 87,,
 122,,
 74,,
 115,,
 169,,
 97,,
 142,,
 190,,
" 1,788",,
" 2,004",,
 996,,
" 1,097",,
 780,,
 898,,
 905,,
 987,,
 760,,
" 2,783",,
" 3,131",,
" 1,679",,
" 1,804",,
" 2,421",,
" 1,492",,
" 1,630",,
" 1,835",,
" 2,019",,
" 1,203",,
" 1,450",,
" 2,420",,
 801,,
 48,,
 710,,
 44,,
 44,,
 95,,
" 3,240",,
" 3,596",,
" 1,848",,
" 2,016",,
" 2,520",,
" 1,764",,
" 2,100",,
" 2,268",,
" 2,604",,
 65,,
 78,,
 63,,
 74,,
 97,,
 59,,
 710,,
 47,,
 52,,
 52,,
 44,,
 44,,
 95,,
" 2,728",,
" 2,728",,
 801,,
" 1,128",,
 44,,
 65,,
 90,,
 131,,
 63,,
 87,,
 122,,
" 6,879",,
" 6,879",,
" 9,231",,
" 9,23",,
" 7,795",,
" 7,795",,
" 10,066",,
" 10,06",,
" 1,984",,
" 1,649",,
" 4,241",,
" 1,342",,
" 3,646",,
" 4,032",,
" 2,798",,
" 4,104",,
" 2,516",,
" 2,309",,
" 2,117",,
" 1,750",,
" 1,984",,
 460,,
 112,,
 249,,
 342,,
 600,,
 600,,
 600,,
 600,,
 576,,
 600,,
 605,,
 577,,
 566,,
 600,,
 605,,
 588,,
 604,,
 588,,
 600,,
 585,,
 600,,
 600,,
 561,,
 564,,
" 2,489",,
 461,,
 112,,
 594,,
 594,,
 556,,
 594,,
 588,,
 594,,
 594,,
 556,,
 594,,
 594,,
 566,,
 566,,
 566,,
 566,,
" 1,899",,
" 1,899",,
" 1,471",,
 542,,
 113,,
 528,,
 472,,
 598,,
 495,,
 470,,
 511,,
 588,,
 470,,
" 1,055",,
" 2,212",,
 458,,
 112,,
 851,,
 321,,
 113,,
 851,,
 594,,
 556,,
 594,,
 588,,
 594,,
 594,,
 556,,
 594,,
 594,,
 566,,
 566,,
 566,,
 566,,
 80,,
 600,,
 344,,
 137,,
 599,,
 131,,
 24,,
 138,,
 132,,
 82,,
 79,,
 81,,
 79,,
 81,,
 86,,
 82,,
 82,,
 73,,
 85,,
 106,,
 159,,
 138,,
 80,,
 159,,
 138,,
 263,,
 79,,
 81,,
 79,,
 81,,
 86,,
 82,,
 82,,
 73,,
 85,,
 263,,
 188,,
 187,,
 189,,
 188,,
 187,,
 189,,
 106,,
 146,,
 354,,
 448,,
 464,,
 521,,
 272,,
 368,,
 457,,
 509,,
 558,,
 597,,
" 3,328",,
" 2,610",,
" 2,746",,
" 2,940",,
" 31,950",,
" 24,658",,
" 20,608",,
" 22,202",,
" 21,932",,
" 22,798",,
" 26,269",,
" 23,698",,
" 6,737",,
" 6,897",,
" 6,897",,
" 7,558",,
" 7,447",,
" 8,134",,
" 7,592",,
" 8,134",,
" 27,968",,
" 29,161",,
" 29,410",,
" 29,565",,
" 2,332",,
" 2,475",,
" 2,529",,
" 3,123",,
" 3,057",,
" 3,131",,
" 3,631",,
" 3,072",,
" 2,814",,
" 2,936",,
" 3,496",,
" 3,472",,
" 3,471",,
" 3,471",,
"1,670.00",,
 246,,
 213,,
 207,,
 97,,
" 4,347",,
 447,,
 447,,
 290,,
 246,,
 246,,
 612,,
 97,,
" 4,950 ",,
" 5,310",,
" 3,698 ",,
" 2,175 ",,
" 4,156 ",,
" 2,857",,
" 5,724 ",,
" 3,126 ",,
" 2,199 ",,
" 6,544",,
 576,,
 45,,
 49,,
 94,,
"2,22",,
" 3,708",,
" 3,708",,
 64,,
 801,,
" 1,128",,
 44,,
 65,,
 90,,
 131,,
 63,,
 87,,
 122,,
 112,,
 112,,
 112,,
" 6,321",,
" 3,233",,
" 12,942",,
" 6,484",,
" 4,983",,
 832,,
 503,,
 542,,
 697,,
 644,,
 796,,
 797,,
 797,,
 797,,
 797,,
 797,,
" 1,320",,
" 1,320",,
" 1,320",,
" 1,320",,
" 1,675",,
" 1,675",,
" 1,675",,
" 1,675",,
 119,,
 119,,
 119,,
 119,,
 119,,
 119,,
 144,,
 131,,
 55,,
 73,,
 32,,
 90,,
 23,,
 51,,
 58,,
 46,,
 47,,
 25,,
 60,,
 47,,
 66,,
 30,,
 54,,
 46,,
 59,,
 25,,
 40,,
 11,,
 47,,
 62,,
 55,,
 69,,
 32,,
 46,,
 66,,
 84,,
 73,,
 86,,
 105,,
 129,,
 20,,
 106,,
 80,,
 40,,
 182,,
 441,,
 110,,
 13,,
 30,,
 13,,
 30,,
 13,,
 30,,
 13,,
 30,,
 583,,
 680,,
 603,,
 610,,
 30,,
 21,,
 29,,
 76,,
 151,,
 14,,
 11,,
 179,,
 179,,
 179,,
 179,,
 181,,
 181,,
 181,,
 181,,
 264,,
 292,,
 264,,
 292,,
 158,,
 146,,
 146,,
 146,,
 149,,
 149,,
 149,,
 149,,
 144,,
 144,,
 144,,
 144,,
 163,,
 163,,
 163,,
 163,,
 160,,
 160,,
 160,,
 160,,
 179,,
 179,,
 179,,
 179,,
 194,,
 194,,
 194,,
 194,,
 197,,
 213,,
 213,,
 213,,
 180,,
 182,,
 298,,
 299,,
 263,,
 263,,
 270,,
 270,,
 242,,
 242,,
 299,,
 186,,
 256,,
 300,,
 199,,
 206,,
 206,,
 243,,
 243,,
 228,,
 267,,
 239,,
 239,,
 228,,
 228,,
 227,,
 391,,
 206,,
 274,,
 227,,
 227,,
 201,,
 206,,
 227,,
 317,,
 232,,
 339,,
 252,,
 252,,
 232,,
 232,,
 252,,
 302,,
 284,,
 330,,
 330,,
 330,,
 388,,
 388,,
 290,,
 290,,
 290,,
 310,,
 310,,
 310,,
 284,,
 291,,
 348,,
 348,,
 348,,
 250,,
 250,,
 250,,
 271,,
 271,,
 271,,
 302,,
 302,,
 302,,
 323,,
 323,,
 323,,
 263,,
 263,,
 263,,
 283,,
 283,,
 283,,
 819,,
 93,,
" 38,581",,
" 17,011",,
" 19,958",,
" 3,790",,
" 4,963",,
" 8,131",,
" 35,066",,
" 43,959",,
" 1,597",,
" 3,599",,
 369,,
" 4,574",,
" 7,623",,
" 9,656",,
" 5,794",,
" 9,656",,
" 12,146",,
" 19,312",,
" 19,744",,
" 28,206",,
" 28,663",,
" 28,459",,
" 30,259",,
" 3,293",,
" 7,878",,
" 2,999",,
" 1,629",,
" 1,414",,
 976,,
 70,,
 976,,
" 1,606",,
" 1,296",,
 219,,
 284,,
 438,,
 438,,
 114,,
 131,,
" 2,541",,
" 4,219",,
" 5,336",,
" 3,659",,
" 6,175",,
" 8,923",,
" 7,421",,
" 9,961",,
" 1,053",,
" 1,337",,
" 25,571",,
" 24,161",,
" 28,438",,
" 10,920",,
" 1,047",,
" 1,495",,
 91,,
" 1,911",,
" 7,166",,
 382,,
 650,,
 191,,
 287,,
" 1,502",,
" 16,148",,
" 1,365",,
" 18,109",,
" 2,275",,
" 16,380",,
" 19,014",,
" 27,295",,
" 19,014",,
" 2,500",,
" 2,500",,
" 9,039",,
" 9,410",,
" 9,718",,
" 10,089",,
" 9,428",,
" 9,800",,
" 10,111",,
" 10,478",,
" 9,039",,
" 9,410",,
" 9,718",,
"10,089.00",,
" 6,987",,
" 7,358",,
" 7,670",,
" 8,037",,
" 7,376",,
" 7,757",,
" 8,063",,
" 8,436",,
" 6,987",,
" 6,985",,
" 7,670",,
" 8,037",,
" 2,642",,
" 3,307",,
 249,,
 105,,
 482,,
 107,,
" 34,671",,
" 33,261",,
 425,,
428.00,,
 30,,
 21,,
 29,,
 266,,
 183,,
 183,,
 266,,
 183,,
 183,,
 327,,
 330,,
 539,,
 539,,
 783,,
 851,,
 556,,
 587,,
 26,,
 48,,
 144,,
 238,,
 140,,
 208,,
 20,,
 19,,
 48,,
 9,,
" 5,069",,
" 5,134",,
" 5,134",,
" 4,485",,
" 4,558",,
" 4,558",,
 482,,
" 11,635",,
" 12,521",,
" 11,156",,
" 10,267",,
" 8,824",,
" 7,946",,
" 11,743",,
" 12,640",,
" 11,264",,
" 8,940",,
" 8,049",,
" 9,255",,
" 10,775",,
" 8,369",,
" 11,660",,
" 9,371",,
" 10,883",,
" 8,485",,
" 11,765",,
" 8,402",,
" 26,255",,
" 9,276",,
" 27,130",,
" 8,511",,
" 26,464",,
" 9,400",,
" 27,353",,
" 8,859",,
" 9,696",,
" 11,128",,
" 12,589",,
" 10,584",,
" 12,002",,
" 13,482",,
" 26,712",,
" 27,547",,
" 28,436",,
" 9,744",,
" 10,210",,
" 11,038",,
" 12,470",,
" 11,934",,
" 13,352",,
" 11,095",,
" 8,967",,
" 9,814",,
" 11,236",,
" 12,816",,
" 10,699",,
" 12,121",,
" 13,694",,
" 26,921",,
" 27,767",,
" 27,814",,
" 28,652",,
" 9,860",,
" 10,357",,
" 11,192",,
" 12,622",,
" 12,074",,
" 13,493",,
" 11,236",,
" 5,741",,
" 5,741",,
 890,,
" 1,515",,
 352,,
 412,,
 289,,
 289,,
 289,,
" 9,408",,
" 9,482",,
" 10,390",,
" 10,479",,
" 9,910",,
" 9,984",,
" 10,894",,
" 10,990",,
" 15,023",,
" 7,425",,
" 1,424",,
" 1,424",,
" 1,424",,
" 1,424",,
" 1,424",,
" 1,424",,
" 1,424",,
" 1,445",,
" 1,445",,
" 2,416 ",,
" 3,224 ",,
" 3,431 ",,
" 3,643 ",,
" 4,256 ",,
 255,,
 48,,
 144,,
 238,,
 140,,
 208,,
 20,,
 19,,
 9,,
 9,,
 47,,
" 1,650",,
" 2,052",,
" 2,431",,
" 3,237",,
" 3,666",,
" 4,027",,
 190,,
 304,,
 380,,
 304,,
 380,,
 215,,
 215,,
 117,,
 128,,
 145,,
 372,,
 392,,
 443,,
 150,,
 159,,
 193,,
 162,,
 220,,
" 7,946",,
" 3,233",,
" 5,049",,
" 5,590",,
" 5,962",,
" 5,644",,
" 5,998",,
" 6,758",,
 660,,
 37,,
 452,,
 530,,
 664,,
 788,,
 896,,
 605,,
 183,,
 820,,
 35,,
 33,,
" 11,587",,
" 12,082",,
" 11,649",,
" 12,141",,
" 10,558",,
" 11,127",,
" 10,670",,
" 11,232",,
" 1,210",,
" 1,210",,
" 1,747",,
" 1,697",,
" 1,747",,
" 1,747",,
 93,,
 685,,
 93,,
 685,,
 93,,
 685,,
 93,,
 685,,
 116,,
 903,,
 94,,
 685,,
" 12,622",,
 903,,
 168,,
 168,,
 1,,
 621,,
 420,,
" 1,208",,
" 1,248",,
" 1,044",,
" 1,821",,
" 1,650",,
" 2,370",,
" 1,740",,
" 1,920",,
" 1,863",,
" 2,106",,
" 2,142",,
" 2,352",,
 44,,
 52,,
 76,,
 79,,
 83,,
 124,,
 193,,
 74,,
 76,,
 77,,
 80,,
 131,,
 248,,
 155,,
 172,,
 197,,
 213,,
 254,,
 323,,
 178,,
 193,,
 236,,
 676,,
 898,,
 152,,
 629,,
" 1,088",,
" 1,525",,
 828,,
 903,,
 198,,
" 1,373",,
 263,,
" 1,048",,
" 1,362",,
" 4,067",,
" 9,756",,
" 9,929",,
" 9,068",,
" 9,234",,
" 9,318",,
" 9,493",,
" 8,636",,
" 8,801",,
" 6,019",,
" 6,124",,
" 5,335",,
" 5,436",,
 482,,
 406,,
 798,,
" 1,128",,
 98,,
 95,,
 20,,
 19,,
 9,,
 9,,
 658,,
 48,,
 144,,
 238,,
 140,,
 208,,
 20,,
 19,,
 48,,
 9,,
 47,,
" 1,425",,
 969,,
" 1,248",,
" 1,028",,
 889,,
" 1,482",,
" 1,016",,
" 1,029",,
" 1,055",,
 945,,
" 2,166",,
 48,,
 144,,
 238,,
 140,,
 208,,
 20,,
 19,,
 9,,
 9,,
 47,,
" 1,696",,
" 2,122",,
" 1,974",,
" 2,912",,
" 3,346",,
 657,,
 710,,
 451,,
 339,,
 888,,
 888,,
 888,,
 689,,
" 1,008",,
 152,,
 39,,
 99,,
 67,,
 221,,
 59,,
44.00,,
 593,,
 593,,
 593,,
 593,,
 593,,
 593,,
 943,,
 943,,
 943,,
 943,,
" 1,123",,
" 1,123",,
" 1,123",,
" 1,123",,
 119,,
 119,,
 119,,
 119,,
 119,,
 119,,
 144,,
 131,,
 55,,
 73,,
 32,,
 90,,
 23,,
 51,,
 58,,
 46,,
 47,,
 25,,
 60,,
 47,,
 66,,
 30,,
 54,,
 46,,
 59,,
 25,,
 40,,
 11,,
 47,,
 62,,
 55,,
 69,,
 32,,
 46,,
 66,,
 84,,
 73,,
 86,,
 105,,
 129,,
 20,,
 106,,
 80,,
 40,,
 182,,
 441,,
 110,,
 13,,
 30,,
 13,,
 30,,
 13,,
 30,,
 119,,
 125,,
 140,,
 147,,
 190,,
 198,,
 236,,
 243,,
 265,,
 271,,
 9,,
 10,,
 11,,
 262,,
 262,,
 262,,
 262,,
 262,,
 262,,
 262,,
 262,,
 675,,
 675,,
 675,,
 808,,
 808,,
 808,,
 808,,
 808,,
" 1,015",,
" 1,341",,
" 1,255",,
 119,,
 119,,
 119,,
 119,,
 119,,
 119,,
 144,,
 131,,
 55,,
 73,,
 32,,
 90,,
 23,,
 51,,
 58,,
 46,,
 47,,
 25,,
 60,,
 47,,
 66,,
 30,,
 54,,
 46,,
 59,,
 25,,
 40,,
 11,,
 47,,
 62,,
 55,,
 69,,
 32,,
 46,,
 66,,
 84,,
 73,,
 86,,
 105,,
 129,,
 20,,
 106,,
 80,,
 40,,
 13,,
 30,,
 13,,
 30,,
 13,,
 30,,
 13,,
 98,,
 5,,
 110,,
 19,,
 18,,
 865,,
 913,,
 977,,
" 1,040",,
 135,,
 150,,
 166,,
 241,,
 241,,
 359,,
 42,,
 46,,
 679,,
 709,,
 748,,
 608,,
 624,,
 647,,
 671,,
 45,,
 49,,
 48,,
 57,,
 69,,
 82,,
 141,,
 185,,
 204,,
 247,,
 174,,
 359,,
 865,,
 913,,
 977,,
" 1,040",,
 42,,
 46,,
 119,,
 135,,
 150,,
 166,,
 241,,
 241,,
 359,,
 694,,
 725,,
 764,,
 796,,
 174,,
 359,,
 141,,
 185,,
 204,,
 247,,
 45,,
 49,,
 549,,
 39,,
 190,,
 304,,
 380,,
 304,,
 380,,
 215,,
 215,,
 117,,
 128,,
 145,,
 372,,
 392,,
 443,,
 150,,
 159,,
 193,,
 162,,
" 1,650",,
" 2,052",,
" 2,431",,
 190,,
 304,,
 380,,
 304,,
 380,,
 215,,
 215,,
 122,,
 133,,
 144,,
 372,,
 392,,
 443,,
 150,,
 159,,
 193,,
" 1,985",,
" 2,099",,
" 1,985",,
" 2,654",,
" 2,581",,
" 3,320",,
" 1,974",,
" 2,832",,
" 2,319",,
" 3,649",,
" 2,750",,
" 4,847",,
" 2,494",,
" 2,494",,
" 2,754",,
" 2,747",,
" 3,271",,
" 4,798",,
" 2,664",,
" 2,966",,
" 3,228",,
" 3,820",,
" 3,440",,
" 5,075",,
 96,,
 108,,
 118,,
 227,,
 286,,
 270,,
 95,,
 106,,
 120,,
 227,,
 286,,
 117,,
 128,,
 136,,
 270,,
 269,,
 342,,
 399,,
 456,,
 678,,
" 1,364",,
 530,,
 150,,
 159,,
 193,,
 372,,
 392,,
 443,,
 316,,
 304,,
 380,,
 304,,
 380,,
 215,,
 215,,
 190,,
" 2,285",,
" 2,885",,
" 3,566",,
" 2,957",,
" 3,209",,
" 4,276",,
" 2,453",,
" 2,789",,
" 3,411",,
" 3,125",,
" 3,511",,
" 4,322",,
" 2,166",,
" 1,974",,
 216,,
 170,,
 73,,
 20,,
 19,,
 9,,
 9,,
" 4,631",,
" 6,146",,
" 5,967",,
" 7,659",,
" 6,413",,
" 7,919",,
 304,,
 380,,
 304,,
 380,,
 215,,
 215,,
 262,,
 350,,
 162,,
 220,,
" 3,942",,
" 5,420",,
" 6,653",,
" 5,338",,
" 5,749",,
" 6,210",,
" 6,746",,
" 7,075",,
 227,,
 286,,
 229,,
" 5,432",,
" 9,052",,
" 13,816",,
" 14,682",,
" 21,915",,
 173,,
 272,,
 340,,
 121,,
 178,,
 152,,
 225,,
 254,,
 563,,
 524,,
 264,,
" 2,437",,
" 3,179",,
 286,,
 122,,
 540,,
" 1,267",,
" 2,634",,
 950,,
" 1,373",,
 167,,
 264,,
 112,,
 112,,
" 5,558",,
 112,,
 112,,
" 2,600",,
" 3,162",,
" 3,255",,
" 3,568",,
" 3,037",,
" 3,255",,
" 3,308",,
" 3,669",,
 37,,
 172,,
 452,,
 605,,
 183,,
 425,,
 350,,
 33,,
 660,,
 158,,
 159,,
 159,,
 159,,
 159,,
 159,,
 159,,
 159,,
 159,,
 480,,
 480,,
 480,,
 583,,
 583,,
 583,,
 132,,
 132,,
 132,,
 132,,
 132,,
 132,,
 132,,
 132,,
 132,,
 132,,
 132,,
 132,,
 132,,
 119,,
 119,,
 119,,
 144,,
 131,,
 55,,
 73,,
 32,,
 90,,
 23,,
 51,,
 58,,
 46,,
 47,,
 25,,
 60,,
 47,,
 66,,
 30,,
 54,,
 46,,
 59,,
 25,,
 40,,
 11,,
 47,,
 62,,
 55,,
 69,,
 32,,
 46,,
 66,,
 84,,
 73,,
 86,,
 105,,
 129,,
 20,,
 106,,
 80,,
 40,,
 13,,
 30,,
 13,,
 30,,
 13,,
 30,,
 13,,
 30,,
 13,,
 98,,
 5,,
 110,,
 19,,
" 3,653",,
" 4,906",,
" 5,890",,
" 7,522",,
" 9,536",,
" 6,680",,
" 9,609",,
 117,,
 198,,
" 7,570",,
" 8,991",,
" 10,003",,
 650,,
" 1,318",,
 736,,
" 1,765",,
 70,,
" 6,208",,
" 6,312",,
" 6,393",,
" 6,276",,
" 4,882",,
" 7,197",,
" 14,583",,
" 3,206",,
" 5,409",,
" 12,173",,
 744,,
" 2,388",,
" 1,060",,
" 2,556",,
" 2,624",,
" 4,668",,
" 4,732",,
" 3,002",,
" 2,994",,
" 5,045",,
" 5,121",,
" 1,465",,
" 1,600",,
" 2,528",,
" 2,528",,
" 1,940",,
" 1,721",,
" 2,105",,
" 2,277",,
" 2,544",,
" 2,881",,
" 1,874",,
" 2,273",,
" 3,098",,
" 2,363",,
" 2,332",,
" 2,633",,
" 2,998",,
" 3,161",,
" 3,998",,
" 5,338",,
" 6,210",,
" 2,499",,
" 3,221",,
" 4,276",,
" 5,749",,
" 6,746",,
 96,,
 108,,
 118,,
 227,,
 286,,
 270,,
 95,,
 106,,
 120,,
 227,,
 286,,
 117,,
 128,,
 136,,
 270,,
 269,,
 342,,
 399,,
 456,,
 678,,
" 1,364",,
 530,,
 150,,
 159,,
 193,,
 372,,
 392,,
 443,,
 316,,
 304,,
 380,,
 304,,
 380,,
 215,,
 215,,
 190,,
" 2,285",,
" 2,885",,
" 3,566",,
" 2,957",,
" 3,209",,
" 4,276",,
" 2,453",,
" 2,789",,
" 3,411",,
" 3,125",,
" 3,511",,
" 4,322",,
" 9,431",,
" 3,168",,
 702,,
" 5,787",,
" 3,111",,
" 3,210",,
" 3,376",,
" 1,875",,
" 2,524",,
 939,,
" 2,737",,
" 3,259",,
" 3,853",,
" 3,830",,
" 3,143",,
" 3,154",,
 344,,
 500,,
" 4,534",,
" 4,580",,
 370,,
 439,,
 59,,
 140,,
 169,,
 169,,
 169,,
 191,,
 220,,
 254,,
 46,,
" 1,693",,
" 4,863",,
 450,,
 902,,
" 1,277",,
" 1,693",,
" 2,078",,
" 3,117",,
" 3,740",,
 315,,
 631,,
" 1,185",,
" 1,187",,
" 1,610",,
" 1,497",,
" 1,497",,
" 1,598",,
" 1,598",,
 667,,
 781,,
 160,,
 181,,
 188,,
 31,,
 56,,
" 1,020",,
" 1,208",,
" 1,208",,
 645,,
 645,,
 160,,
 181,,
 188,,
 31,,
 56,,
" 1,242",,
" 1,296",,
" 1,412",,
" 1,412",,
" 1,649",,#DIV/0!
" 1,753",,
" 1,968",,
" 1,602",,
" 1,926",,
" 1,303",,
" 1,303",,
" 1,671",,
" 1,733",,
 619,,
 619,,
 160,,
 181,,
 188,,
 31,,
 56,,